<?xml version="1.0" encoding="UTF-8"?>
<beans xmlns="http://www.springframework.org/schema/beans"
       xmlns:context="http://www.springframework.org/schema/context"
       xmlns:tx="http://www.springframework.org/schema/tx"
       xmlns:aop="http://www.springframework.org/schema/aop"
       xmlns:xsi="http://www.w3.org/2001/XMLSchema-instance"
       xsi:schemaLocation="http://www.springframework.org/schema/beans
http://www.springframework.org/schema/beans/spring-beans.xsd
http://www.springframework.org/schema/context
http://www.springframework.org/schema/context/spring-context.xsd
http://www.springframework.org/schema/tx
http://www.springframework.org/schema/tx/spring-tx.xsd
http://www.springframework.org/schema/aop
http://www.springframework.org/schema/aop/spring-aop.xsd ">

    <!--数据源-->
    <bean id="dataSource" class="org.apache.commons.dbcp.BasicDataSource" destroy-method="close">
        <property name="url" value="jdbc:mysql://localhost:3306/sb?characterEncoding=UTF-8"/>
        <property name="driverClassName" value="com.mysql.jdbc.Driver"/>
        <property name="username" value="root"/>
        <property name="password" value="123456"/>
    </bean>
    <!--sessionFactory-->
    <bean id="sessionFactory" class="org.springframework.orm.hibernate4.LocalSessionFactoryBean">
        <!--hibernate 连接信息-->
        <property name="dataSource" ref="dataSource"/>
        <!--hibernate 映射信息-->
        <property name="packagesToScan">
            <list>
                <value>onlien.qsx.model</value>
            </list>
        </property>
        <!--hibernate 运行参数-->
        <property name="hibernateProperties">
            <value>
                hibernate.dialect=org.hibernate.dialect.MySQLDialect
                hibernate.show_sql=true
                hibernate.format_sql=true
                hibernate.hbm2ddl.auto=update
            </value>
        </property>
    </bean>

    <!--事物配置-->
    <bean id="transactionManager" class="org.springframework.orm.hibernate4.HibernateTransactionManager">
        <property name="sessionFactory" ref="sessionFactory"/>
    </bean>

    <tx:advice id="txAdvice" transaction-manager="transactionManager">
        <tx:attributes>
            <tx:method name="*" propagation="REQUIRED" />
        </tx:attributes>
    </tx:advice>

    <aop:config>
        <aop:pointcut id="interceptorPointCuts" expression="execution(public * onlien.qsx.service.*.*.*(..))" />
        <aop:advisor advice-ref="txAdvice" pointcut-ref="interceptorPointCuts" />
    </aop:config>

    <!--扫描Dao-->
    <context:component-scan base-package="onlien.qsx.dao"/>
</beans>