<?xml version="1.0" encoding="UTF-8" ?>
<!DOCTYPE struts PUBLIC
	"-//Apache Software Foundation//DTD Struts Configuration 2.3//EN"
	"http://struts.apache.org/dtds/struts-2.3.dtd">

<struts>

    <constant name="struts.enable.DynamicMethodInvocation" value="true" />
    <constant name="struts.devMode" value="true" />

    <package name="default" namespace="/" extends="json-default">

        <!--http://localhost:8080/userSpringStrutsHibernate/user!page-->
       <action name="user!*" class="userAction" method="{1}">
       <result name="list">/jsp/list.jsp</result>
       <result name="page">/jsp/list.jsp</result>
       <result name="to_save">/jsp/form.jsp</result>
       <result name="edit">/jsp/edit.jsp</result>
       
 	<result name="save" type="redirectAction">
 	<param name="actionName">user</param>
 	<param name="method">page</param>
	</result>
	<result name="delete" type="redirectAction">
 	<param name="actionName">user</param>
 	<param name="method">page</param>
	</result>
	<result name="do_edit" type="redirectAction">
 	<param name="actionName">user</param>
 	<param name="method">page</param>
	</result>
       </action>
    </package>

</struts>
